Modelo,MAE,MSE,RMSE,R²
OLS,0.656611,0.982791,0.991358,0.9843
Ridge,0.673169,1.00925,1.004614,0.983878
Bayesian Ridge,0.659501,0.987522,0.993742,0.984225
Lasso,0.651833,0.968715,0.984233,0.984525
